i_number_double_huge_neg_exp.json	i	accept	0
i_number_huge_exp.json	i	accept	0
i_number_neg_int_huge_exp.json	i	accept	0
i_number_pos_double_huge_exp.json	i	accept	0
i_number_real_neg_overflow.json	i	accept	0
i_number_real_pos_overflow.json	i	accept	0
i_number_real_underflow.json	i	accept	0
i_number_too_big_neg_int.json	i	accept	0
i_number_too_big_pos_int.json	i	accept	0
i_number_very_big_negative_int.json	i	accept	0
i_object_key_lone_2nd_surrogate.json	i	accept	0
i_string_1st_surrogate_but_2nd_missing.json	i	accept	0
i_string_1st_valid_surrogate_2nd_invalid.json	i	accept	0
i_string_incomplete_surrogate_and_escape_valid.json	i	accept	0
i_string_incomplete_surrogate_pair.json	i	accept	0
i_string_incomplete_surrogates_escape_valid.json	i	accept	0
i_string_invalid_lonely_surrogate.json	i	accept	0
i_string_invalid_surrogate.json	i	accept	0
i_string_invalid_utf-8.json	i	reject	1
i_string_inverted_surrogates_U+1D11E.json	i	accept	0
i_string_iso_latin_1.json	i	reject	1
i_string_lone_second_surrogate.json	i	accept	0
i_string_lone_utf8_continuation_byte.json	i	reject	1
i_string_not_in_unicode_range.json	i	reject	1
i_string_overlong_sequence_2_bytes.json	i	reject	1
i_string_overlong_sequence_6_bytes_null.json	i	reject	1
i_string_overlong_sequence_6_bytes.json	i	reject	1
i_string_truncated-utf-8.json	i	reject	1
i_string_UTF-16LE_with_BOM.json	i	reject	1
i_string_UTF-8_invalid_sequence.json	i	reject	1
i_string_utf16BE_no_BOM.json	i	reject	1
i_string_utf16LE_no_BOM.json	i	reject	1
i_string_UTF8_surrogate_U+D800.json	i	reject	1
i_structure_500_nested_arrays.json	i	crash	134
i_structure_UTF-8_BOM_empty_object.json	i	reject	1
n_array_1_true_without_comma.json	n	reject	1
n_array_a_invalid_utf8.json	n	reject	1
n_array_colon_instead_of_comma.json	n	reject	1
n_array_comma_after_close.json	n	reject	1
n_array_comma_and_number.json	n	reject	1
n_array_double_comma.json	n	reject	1
n_array_double_extra_comma.json	n	reject	1
n_array_extra_close.json	n	reject	1
n_array_extra_comma.json	n	reject	1
n_array_incomplete_invalid_value.json	n	reject	1
n_array_incomplete.json	n	reject	1
n_array_inner_array_no_comma.json	n	reject	1
n_array_invalid_utf8.json	n	reject	1
n_array_items_separated_by_semicolon.json	n	reject	1
n_array_just_comma.json	n	reject	1
n_array_just_minus.json	n	reject	1
n_array_missing_value.json	n	reject	1
n_array_newlines_unclosed.json	n	reject	1
n_array_number_and_comma.json	n	reject	1
n_array_number_and_several_commas.json	n	reject	1
n_array_spaces_vertical_tab_formfeed.json	n	reject	1
n_array_star_inside.json	n	reject	1
n_array_unclosed_trailing_comma.json	n	reject	1
n_array_unclosed_with_new_lines.json	n	reject	1
n_array_unclosed_with_object_inside.json	n	reject	1
n_array_unclosed.json	n	reject	1
n_incomplete_false.json	n	reject	1
n_incomplete_null.json	n	reject	1
n_incomplete_true.json	n	reject	1
n_multidigit_number_then_00.json	n	reject	1
n_number_-01.json	n	reject	1
n_number_-1.0..json	n	reject	1
n_number_-2..json	n	reject	1
n_number_-NaN.json	n	reject	1
n_number_.-1.json	n	reject	1
n_number_.2e-3.json	n	reject	1
n_number_++.json	n	reject	1
n_number_+1.json	n	reject	1
n_number_+Inf.json	n	reject	1
n_number_0_capital_E.json	n	reject	1
n_number_0_capital_E+.json	n	reject	1
n_number_0.1.2.json	n	reject	1
n_number_0.3e.json	n	reject	1
n_number_0.3e+.json	n	reject	1
n_number_0.e1.json	n	reject	1
n_number_0e.json	n	reject	1
n_number_0e+.json	n	reject	1
n_number_1_000.json	n	reject	1
n_number_1.0e-.json	n	reject	1
n_number_1.0e.json	n	reject	1
n_number_1.0e+.json	n	reject	1
n_number_1eE2.json	n	reject	1
n_number_2.e-3.json	n	reject	1
n_number_2.e+3.json	n	reject	1
n_number_2.e3.json	n	reject	1
n_number_9.e+.json	n	reject	1
n_number_expression.json	n	reject	1
n_number_hex_1_digit.json	n	reject	1
n_number_hex_2_digits.json	n	reject	1
n_number_Inf.json	n	reject	1
n_number_infinity.json	n	reject	1
n_number_invalid-negative-real.json	n	reject	1
n_number_invalid-utf-8-in-bigger-int.json	n	reject	1
n_number_invalid-utf-8-in-exponent.json	n	reject	1
n_number_invalid-utf-8-in-int.json	n	reject	1
n_number_invalid+-.json	n	reject	1
n_number_minus_infinity.json	n	reject	1
n_number_minus_sign_with_trailing_garbage.json	n	reject	1
n_number_minus_space_1.json	n	reject	1
n_number_NaN.json	n	reject	1
n_number_neg_int_starting_with_zero.json	n	reject	1
n_number_neg_real_without_int_part.json	n	reject	1
n_number_neg_with_garbage_at_end.json	n	reject	1
n_number_real_garbage_after_e.json	n	reject	1
n_number_real_with_invalid_utf8_after_e.json	n	reject	1
n_number_real_without_fractional_part.json	n	reject	1
n_number_starting_with_dot.json	n	reject	1
n_number_U+FF11_fullwidth_digit_one.json	n	reject	1
n_number_with_alpha_char.json	n	reject	1
n_number_with_alpha.json	n	reject	1
n_number_with_leading_zero.json	n	reject	1
n_object_bad_value.json	n	reject	1
n_object_bracket_key.json	n	reject	1
n_object_comma_instead_of_colon.json	n	reject	1
n_object_double_colon.json	n	reject	1
n_object_emoji.json	n	reject	1
n_object_garbage_at_end.json	n	reject	1
n_object_key_with_single_quotes.json	n	reject	1
n_object_lone_continuation_byte_in_key_and_trailing_comma.json	n	reject	1
n_object_missing_colon.json	n	reject	1
n_object_missing_key.json	n	reject	1
n_object_missing_semicolon.json	n	reject	1
n_object_missing_value.json	n	reject	1
n_object_no-colon.json	n	reject	1
n_object_non_string_key_but_huge_number_instead.json	n	reject	1
n_object_non_string_key.json	n	reject	1
n_object_repeated_null_null.json	n	reject	1
n_object_several_trailing_commas.json	n	reject	1
n_object_single_quote.json	n	reject	1
n_object_trailing_comma.json	n	reject	1
n_object_trailing_comment_open.json	n	reject	1
n_object_trailing_comment_slash_open_incomplete.json	n	reject	1
n_object_trailing_comment_slash_open.json	n	accept	0
n_object_trailing_comment.json	n	accept	0
n_object_two_commas_in_a_row.json	n	reject	1
n_object_unquoted_key.json	n	reject	1
n_object_unterminated-value.json	n	reject	1
n_object_with_single_string.json	n	reject	1
n_object_with_trailing_garbage.json	n	accept	0
n_single_space.json	n	reject	1
n_string_1_surrogate_then_escape_u.json	n	reject	1
n_string_1_surrogate_then_escape_u1.json	n	reject	1
n_string_1_surrogate_then_escape_u1x.json	n	reject	1
n_string_1_surrogate_then_escape.json	n	reject	1
n_string_accentuated_char_no_quotes.json	n	reject	1
n_string_backslash_00.json	n	reject	1
n_string_escape_x.json	n	reject	1
n_string_escaped_backslash_bad.json	n	reject	1
n_string_escaped_ctrl_char_tab.json	n	reject	1
n_string_escaped_emoji.json	n	reject	1
n_string_incomplete_escape.json	n	reject	1
n_string_incomplete_escaped_character.json	n	reject	1
n_string_incomplete_surrogate_escape_invalid.json	n	reject	1
n_string_incomplete_surrogate.json	n	reject	1
n_string_invalid_backslash_esc.json	n	reject	1
n_string_invalid_unicode_escape.json	n	reject	1
n_string_invalid_utf8_after_escape.json	n	reject	1
n_string_invalid-utf-8-in-escape.json	n	reject	1
n_string_leading_uescaped_thinspace.json	n	reject	1
n_string_no_quotes_with_bad_escape.json	n	reject	1
n_string_single_doublequote.json	n	reject	1
n_string_single_quote.json	n	reject	1
n_string_single_string_no_double_quotes.json	n	reject	1
n_string_start_escape_unclosed.json	n	reject	1
n_string_unescaped_ctrl_char.json	n	reject	1
n_string_unescaped_newline.json	n	reject	1
n_string_unescaped_tab.json	n	reject	1
n_string_unicode_CapitalU.json	n	reject	1
n_string_with_trailing_garbage.json	n	reject	1
n_structure_100000_opening_arrays.json	n	crash	134
n_structure_angle_bracket_..json	n	reject	1
n_structure_angle_bracket_null.json	n	reject	1
n_structure_array_trailing_garbage.json	n	reject	1
n_structure_array_with_extra_array_close.json	n	reject	1
n_structure_array_with_unclosed_string.json	n	reject	1
n_structure_ascii-unicode-identifier.json	n	reject	1
n_structure_capitalized_True.json	n	reject	1
n_structure_close_unopened_array.json	n	reject	1
n_structure_comma_instead_of_closing_brace.json	n	reject	1
n_structure_double_array.json	n	reject	1
n_structure_end_array.json	n	reject	1
n_structure_incomplete_UTF8_BOM.json	n	reject	1
n_structure_lone-invalid-utf-8.json	n	reject	1
n_structure_lone-open-bracket.json	n	reject	1
n_structure_no_data.json	n	reject	1
n_structure_null-byte-outside-string.json	n	reject	1
n_structure_number_with_trailing_garbage.json	n	reject	1
n_structure_object_followed_by_closing_object.json	n	reject	1
n_structure_object_unclosed_no_value.json	n	reject	1
n_structure_object_with_comment.json	n	accept	0
n_structure_object_with_trailing_garbage.json	n	reject	1
n_structure_open_array_apostrophe.json	n	reject	1
n_structure_open_array_comma.json	n	reject	1
n_structure_open_array_object.json	n	crash	134
n_structure_open_array_open_object.json	n	reject	1
n_structure_open_array_open_string.json	n	reject	1
n_structure_open_array_string.json	n	reject	1
n_structure_open_object_close_array.json	n	reject	1
n_structure_open_object_comma.json	n	reject	1
n_structure_open_object_open_array.json	n	reject	1
n_structure_open_object_open_string.json	n	reject	1
n_structure_open_object_string_with_apostrophes.json	n	reject	1
n_structure_open_object.json	n	reject	1
n_structure_open_open.json	n	reject	1
n_structure_single_eacute.json	n	reject	1
n_structure_single_star.json	n	reject	1
n_structure_trailing_#.json	n	accept	0
n_structure_U+2060_word_joined.json	n	reject	1
n_structure_uescaped_LF_before_string.json	n	reject	1
n_structure_unclosed_array_partial_null.json	n	reject	1
n_structure_unclosed_array_unfinished_false.json	n	reject	1
n_structure_unclosed_array_unfinished_true.json	n	reject	1
n_structure_unclosed_array.json	n	reject	1
n_structure_unclosed_object.json	n	reject	1
n_structure_unicode-identifier.json	n	reject	1
n_structure_UTF8_BOM_no_data.json	n	reject	1
n_structure_whitespace_formfeed.json	n	reject	1
n_structure_whitespace_U+2060_word_joiner.json	n	reject	1
y_array_arraysWithSpaces.json	y	accept	0
y_array_empty-string.json	y	accept	0
y_array_empty.json	y	accept	0
y_array_ending_with_newline.json	y	accept	0
y_array_false.json	y	accept	0
y_array_heterogeneous.json	y	accept	0
y_array_null.json	y	accept	0
y_array_with_1_and_newline.json	y	accept	0
y_array_with_leading_space.json	y	accept	0
y_array_with_several_null.json	y	accept	0
y_array_with_trailing_space.json	y	accept	0
y_number_0e+1.json	y	accept	0
y_number_0e1.json	y	accept	0
y_number_after_space.json	y	accept	0
y_number_double_close_to_zero.json	y	accept	0
y_number_int_with_exp.json	y	accept	0
y_number_minus_zero.json	y	accept	0
y_number_negative_int.json	y	accept	0
y_number_negative_one.json	y	accept	0
y_number_negative_zero.json	y	accept	0
y_number_real_capital_e_neg_exp.json	y	accept	0
y_number_real_capital_e_pos_exp.json	y	accept	0
y_number_real_capital_e.json	y	accept	0
y_number_real_exponent.json	y	accept	0
y_number_real_fraction_exponent.json	y	accept	0
y_number_real_neg_exp.json	y	accept	0
y_number_real_pos_exponent.json	y	accept	0
y_number_simple_int.json	y	accept	0
y_number_simple_real.json	y	accept	0
y_number.json	y	accept	0
y_object_basic.json	y	accept	0
y_object_duplicated_key_and_value.json	y	accept	0
y_object_duplicated_key.json	y	accept	0
y_object_empty_key.json	y	accept	0
y_object_empty.json	y	accept	0
y_object_escaped_null_in_key.json	y	accept	0
y_object_extreme_numbers.json	y	accept	0
y_object_long_strings.json	y	accept	0
y_object_simple.json	y	accept	0
y_object_string_unicode.json	y	accept	0
y_object_with_newlines.json	y	accept	0
y_object.json	y	accept	0
y_string_1_2_3_bytes_UTF-8_sequences.json	y	accept	0
y_string_accepted_surrogate_pair.json	y	accept	0
y_string_accepted_surrogate_pairs.json	y	accept	0
y_string_allowed_escapes.json	y	accept	0
y_string_backslash_and_u_escaped_zero.json	y	accept	0
y_string_backslash_doublequotes.json	y	accept	0
y_string_comments.json	y	accept	0
y_string_double_escape_a.json	y	accept	0
y_string_double_escape_n.json	y	accept	0
y_string_escaped_control_character.json	y	accept	0
y_string_escaped_noncharacter.json	y	accept	0
y_string_in_array_with_leading_space.json	y	accept	0
y_string_in_array.json	y	accept	0
y_string_last_surrogates_1_and_2.json	y	accept	0
y_string_nbsp_uescaped.json	y	accept	0
y_string_nonCharacterInUTF-8_U+10FFFF.json	y	accept	0
y_string_nonCharacterInUTF-8_U+FFFF.json	y	accept	0
y_string_null_escape.json	y	accept	0
y_string_one-byte-utf-8.json	y	accept	0
y_string_pi.json	y	accept	0
y_string_reservedCharacterInUTF-8_U+1BFFF.json	y	accept	0
y_string_simple_ascii.json	y	accept	0
y_string_space.json	y	accept	0
y_string_surrogates_U+1D11E_MUSICAL_SYMBOL_G_CLEF.json	y	accept	0
y_string_three-byte-utf-8.json	y	accept	0
y_string_two-byte-utf-8.json	y	accept	0
y_string_u+2028_line_sep.json	y	accept	0
y_string_u+2029_par_sep.json	y	accept	0
y_string_uEscape.json	y	accept	0
y_string_uescaped_newline.json	y	accept	0
y_string_unescaped_char_delete.json	y	accept	0
y_string_unicode_2.json	y	accept	0
y_string_unicode_escaped_double_quote.json	y	accept	0
y_string_unicode_U+10FFFE_nonchar.json	y	accept	0
y_string_unicode_U+1FFFE_nonchar.json	y	accept	0
y_string_unicode_U+200B_ZERO_WIDTH_SPACE.json	y	accept	0
y_string_unicode_U+2064_invisible_plus.json	y	accept	0
y_string_unicode_U+FDD0_nonchar.json	y	accept	0
y_string_unicode_U+FFFE_nonchar.json	y	accept	0
y_string_unicode.json	y	accept	0
y_string_unicodeEscapedBackslash.json	y	accept	0
y_string_utf8.json	y	accept	0
y_string_with_del_character.json	y	accept	0
y_structure_lonely_false.json	y	accept	0
y_structure_lonely_int.json	y	accept	0
y_structure_lonely_negative_real.json	y	accept	0
y_structure_lonely_null.json	y	accept	0
y_structure_lonely_string.json	y	accept	0
y_structure_lonely_true.json	y	accept	0
y_structure_string_empty.json	y	accept	0
y_structure_trailing_newline.json	y	accept	0
y_structure_true_in_array.json	y	accept	0
y_structure_whitespace_array.json	y	accept	0
